{
  "type": "GenericCrafter",
  "name": "Генератор меди",
  "description": "Генерирует Медь, улушенная версия маломощного генератора меди",
  "health": 1000,
  "size": 2,
   "requirements": [
   { "item": "copper", "amount": 400},
   { "item": "lead", "amount": 300},
   ],
  "research": "low-power-copper-generator",
  "hasPower": true,
  "hasItems": true,
  "craftTime": 20,
  "consumes": {
    "power": 1.5,
  },
  "updateEffect": "smeltsmoke",
  "category": "crafting",
  "idleSoundVolume": 0.5,
  "itemCapacity": 20,
  "outputItem": { "item": "copper", "amount": 1}
}