{
  "type": "GenericSmelter",
  "name": "Завод серебра на энергии",
  "description": "Производит Серебро из энергии. Требует большое ко-во энергии, требует это же самое Серебро для постройки",
  "health": 1000,
  "size": 2,
  "requirements": [
    { "item": "copper", "amount": 80},
	{ "item": "lead", "amount": 60},
	{ "item": "silicon", "amount": 50},
	{ "item": "titanium", "amount": 40},
	{ "item": "silver", "amount": 50}
  ],
  "research": "silicon-smelter",
  "hasPower": true,
  "hasItems": true,
  "craftTime": 28,
  "consumes": {
    "power": 2.5,
  },
  "updateEffect": "smeltsmoke",
  "category": "crafting",
  "idleSoundVolume": 0.5,
  "itemCapacity": 20,
  "outputItem": { "item": "silver", "amount": 1}
}