{
  "type": "GenericSmelter",
  "name": "Энергетическая Печь",
  "description": "Делает метастекло с помощью электричества",
  "health": 500,
  "size": 2,
  "requirements": [
    { "item": "copper", "amount": 120},
	{ "item": "lead", "amount": 80},
	{ "item": "graphite", "amount": 70},
  ],
  "research": "kiln",
  "hasPower": true,
  "hasItems": true,
  "craftTime": 20,
  "consumes": {
    "power": 3,
  },
  "updateEffect": "smeltsmoke",
  "category": "crafting",
  "idleSoundVolume": 0.5,
  "itemCapacity": 24,
  "outputItem": { "item": "metaglass", "amount": 1}
}