{
  "type": "GenericCrafter",
  "name": "Мешалка пиротита на энергии",
  "description": "Делает Пиротит из энергии",
  "health": 400,
  "size": 2,
  "requirements": [
    { "item": "copper", "amount": 80},
	{ "item": "lead", "amount": 50},
  ],
  "research": "pyratite-mixer",
  "hasPower": true,
  "hasItems": true,
  "craftTime": 22,
  "consumes": {
    "power": 1,
  },
  "updateEffect": "smeltsmoke",
  "category": "crafting",
  "idleSoundVolume": 0.5,
  "itemCapacity": 20,
  "outputItem": { "item": "pyratite", "amount": 1}
}