{
  "type": "GenericSmelter",
  "name": "Энергетический Кремневый Генератор",
  "description": "Генерирует Кремний За Счёт Электричества",
  "health": 1000,
  "size": 2,
  "requirements": [
    { "item": "copper", "amount": 80},
	{ "item": "lead", "amount": 60},
  ],
  "research": "silicon-smelter",
  "hasPower": true,
  "hasItems": true,
  "craftTime": 15,
  "consumes": {
    "power": 1,
  },
  "updateEffect": "smeltsmoke",
  "category": "crafting",
  "idleSoundVolume": 0.5,
  "itemCapacity": 20,
  "outputItem": { "item": "silicon", "amount": 1}
}