{
  "type": "GenericSmelter",
  "name": "Энергетический Генератор Кинетики",
  "description": "Генерерует Кинетический Сплав За Счёт Энергии",
  "health": 2000,
  "size": 3,
  "requirements": [
    { "item": "copper", "amount": 200},
	{ "item": "lead", "amount": 300},
	{ "item": "silicon", "amount": 220},
	{ "item": "titanium", "amount": 400},
	{ "item": "thorium", "amount": 300}
  ],
  "research": "alloy-smelter",
  "hasPower": true,
  "hasItems": true,
  "craftTime": 18,
  "consumes": {
    "power": 8,
  },
  "updateEffect": "smeltsmoke",
  "category": "crafting",
  "idleSoundVolume": 0.5,
  "itemCapacity": 30,
  "outputItem": { "item": "surge-alloy", "amount": 1}
}