{
  "type": "GenericCrafter",
  "name": "Маломощный генератор меди",
  "description": "Генерирует Медь, требуется для пустых карт (без ресурсов)",
  "health": 500,
  "size": 2,
   "requirements": [
   ],
  "research": "mechanical-drill",
  "hasPower": false,
  "hasItems": true,
  "craftTime": 360,

  "updateEffect": "smeltsmoke",
  "category": "crafting",
  "idleSoundVolume": 0.5,
  "itemCapacity": 10,
  "outputItem": { "item": "copper", "amount": 1}
}