{
  "type": "GenericCrafter",
  "name": "Маломощный генератор свинца",
  "description": "Генерирует Свинец, требуется для пустых карт (без ресурсов)",
  "health": 750,
  "size": 2,
   "requirements": [
	{ "item": "copper", "amount": 100},
   ],
  "research": "mechanical-drill",
  "hasPower": false,
  "hasItems": true,
  "craftTime": 220,
  
  "updateEffect": "smeltsmoke",
  "category": "crafting",
  "idleSoundVolume": 0.5,
  "itemCapacity": 10,
  "outputItem": { "item": "lead", "amount": 1}
}