{
  "type": "GenericCrafter",
  "name": "Маломощный генератор титана",
  "description": "Генерирует Титан за счёт сильнейшей компресации энергии",
  "health": 500,
  "size": 2,
  "requirements": [
    { "item": "copper", "amount": 200},
	{ "item": "lead", "amount": 300},
	{ "item": "graphite", "amount": 200},
	{ "item": "silicon", "amount": 150},
	{ "item": "metaglass", "amount": 200},
  ],
  "research": "titanium-drill",
  "hasPower": true,
  "hasItems": true,
  "craftTime": 200,
  "consumes": {
    "power": 8,
  },
  "updateEffect": "smeltsmoke",
  "category": "crafting",
  "idleSoundVolume": 0.5,
  "itemCapacity": 10,
  "outputItem": { "item": "titanium", "amount": 1}
}