{
  "type": "GenericSmelter",
  "name": "Завод серебра",
  "description": "Производит Серебро из Кремния и Меди. Требует среднее ко-во энергии",
  "health": 1000,
  "size": 2,
  "requirements": [
    { "item": "copper", "amount": 80},
	{ "item": "lead", "amount": 60},
	{ "item": "silicon", "amount": 50},
	{ "item": "titanium", "amount": 30},        
  ],
  "research": "silicon-smelter",
  "hasPower": true,
  "hasItems": true,
  "craftTime": 40,
  "consumes": {
    "power": 1,
	"items": {
		"items": [
	{ "item": "copper", "amount": 2},
	{ "item": "silicon", "amount": 4},
    ]
  }

  },
  "updateEffect": "smeltsmoke",
  "category": "crafting",
  "idleSoundVolume": 0.5,
  "itemCapacity": 20,
  "outputItem": { "item": "silver", "amount": 1}
}