{
  "type": "GenericCrafter",
  "name": "Генератор тория",
  "description": "Генерирует Торий за счёт сильнейшей компресации энергии, требует колосальнейшее количество энергии для работы, лучше, чем его маломощная версия, но требует очень большое количество ресурсов для постройки",
  "health": 2000,
  "size": 2,
  "requirements": [
    { "item": "copper", "amount": 300},
	{ "item": "lead", "amount": 400},
	{ "item": "graphite", "amount": 350},
	{ "item": "silicon", "amount": 250},
	{ "item": "metaglass", "amount": 300},
	{ "item": "titanium", "amount": 350},
	{ "item": "plastanium", "amount": 220},
	{ "item": "thorium", "amount": 300},
	{ "item": "phase-fabric", "amount": 160},
	{ "item": "surge-alloy", "amount": 200},
  ],
  "research": "low-power-thorium-generator",
  "hasPower": true,
  "hasItems": true,
  "craftTime": 17,
  "consumes": {
    "power": 10,
  },
  "updateEffect": "smeltsmoke",
  "category": "crafting",
  "idleSoundVolume": 0.5,
  "itemCapacity": 30,
  "outputItem": { "item": "thorium", "amount": 1}
}