{
  "type": "GenericCrafter",
  "name": "Генератор титана",
  "description": "Генерирует Титан за счёт сильнейшей компресации энергии, лучше, чем его маломощная версия, но требует Титан и Пластан",
  "health": 1000,
  "size": 2,
  "requirements": [
    { "item": "copper", "amount": 200},
	{ "item": "lead", "amount": 300},
	{ "item": "graphite", "amount": 150},
	{ "item": "silicon", "amount": 100},
	{ "item": "metaglass", "amount": 200},
	{ "item": "titanium", "amount": 200},
	{ "item": "plastanium", "amount": 100},
  ],
  "research": "low-power-titanium-generator",
  "hasPower": true,
  "hasItems": true,
  "craftTime": 20,
  "consumes": {
    "power": 10,
  },
  "updateEffect": "smeltsmoke",
  "category": "crafting",
  "idleSoundVolume": 0.5,
  "itemCapacity": 35,
  "outputItem": { "item": "titanium", "amount": 1}
}