{
	"type": "Conveyor",
	"name": "Радужный конвейер",
	"description": "Супер быстрый радужный конвейер",
	"health": 500,
	"requirements": [
		{"item": "copper", "amount": 1},
		{"item": "lead", "amount": 1},
		{"item": "graphite", "amount": 1},
		{"item": "silicon", "amount": 1},
		{"item": "titanium", "amount": 1},
		{"item": "thorium", "amount": 1},
		{"item": "plastanium", "amount": 1},
		{"item": "phase-fabric", "amount": 1},
		{"item": "surge-alloy", "amount": 1}
		
	],
	"category": "distribution",
	"speed": 0.96,
	"displayedSpeed": 120.0,
	"research": "surge-alloy-conveyor"
}