{
    "type": "ItemBridge",
    "name": "Кинетический мостовой конвейер",
    "description": "Дальше и быстрее, чем Ториевый мостовой конвейер",
    "health": 1000,
	"itemCapacity": 50,
    "requirements": [
        {"item": "lead", "amount": 4},
        {"item": "copper", "amount": 4},
        {"item": "titanium", "amount": 4},
		{"item": "thorium", "amount": 4},
		{"item": "surge-alloy", "amount": 4}
    ],
    "range": 32,
    "transportTime": 0.01,
    "hasPower": false,
    "category": "distribution",
    "research": "thorium-bridge-conveyor"
}