{
  "type": "PowerNode",
  "name": "Большой ториевый силовой узел",
  "description": "Улученная версия Ториевого силового узла",
  "size": 2,
  "health": 500,
  "laserRange": 20,
  "maxNodes": 28,
  "requirements": [
	{ "item": "lead", "amount": 50},
	{ "item": "silicon", "amount": 40},
	{ "item": "titanium", "amount": 36},
	{ "item": "thorium", "amount": 30},
	],
  "category": "power",
  "research": "thorium-power-node"
}