{
  "type": "PowerNode",
  "name": "Большой кинетический силовой узел",
  "description": "Улученная версия Кинетического силового узла",
  "size": 2,
  "health": 1000,
  "laserRange": 32,
  "maxNodes": 48,
  "requirements": [
	{ "item": "lead", "amount": 100},
	{ "item": "silicon", "amount": 80},
	{ "item": "titanium", "amount": 90},
	{ "item": "thorium", "amount": 80},
	{ "item": "surge-alloy", "amount": 50},
	],
  "category": "power",
  "research": "surge-alloy-power-node"
}