{
	"name": "Радужная солнечная панель",
	"description": "Солнечная панель из дорогих материалов, выдаёт намного больше, чем остальные солнечные панели",
	"type": "SolarGenerator",
	"health": 4000,
	"size": 2,
	"hasPower": true,
	"powerProduction": 30,
	"requirements": [
		{ "item": "lead", "amount": 200},
		{ "item": "silicon", "amount": 160},
		{ "item": "titanium", "amount": 200},
		{ "item": "thorium", "amount": 150},
		{ "item": "plastanium", "amount": 110},
		{ "item": "phase-fabric", "amount": 80},
		{ "item": "surge-alloy", "amount": 100},
	],
	"category": "power",
	"research": "surge-alloy-solar-panel"
}