{
	"name": "Кинетическая Солнечная панель",
	"description": "Солнечная панель из Кинетического сплава, выдаёт больше, чем Ториевая Солнечная панель",
	"type": "SolarGenerator",
	"health": 2000,
	"size": 2,
	"hasPower": true,
	"powerProduction": 12,
	"requirements": [
		{ "item": "lead", "amount": 160},
		{ "item": "silicon", "amount": 120},
		{ "item": "titanium", "amount": 150},
		{ "item": "thorium", "amount": 110},
		{ "item": "surge-alloy", "amount": 80},
	],
	"category": "power",
	"research": "thorium-solar-panel"
}