{
  "type": "PowerNode",
  "name": "Ториевый силовой узел",
  "description": "Лучше, чем Титановый силовой узел",
  "size": 1,
  "health": 200,
  "laserRange": 16,
  "maxNodes": 20,
  "requirements": [
    { "item": "copper", "amount": 12},
	{ "item": "lead", "amount": 25},
	{ "item": "silicon", "amount": 20},
	{ "item": "titanium", "amount": 22},
	{ "item": "thorium", "amount": 15},
	],
  "category": "power",
  "research": "titanium-power-node"
}