{
	"name": "Ториевая Солнечная панель",
	"description": "Солнечная панель из Тория, выдаёт больше, чем Титановая Солнечная панель",
	"type": "SolarGenerator",
	"health": 1000,
	"size": 2,
	"hasPower": true,
	"powerProduction": 6,
	"requirements": [
		{ "item": "lead", "amount": 120},
		{ "item": "silicon", "amount": 100},
		{ "item": "titanium", "amount": 120},
		{ "item": "thorium", "amount": 80},
	],
	"category": "power",
	"research": "titanium-solar-panel"
}