{
"name": "Tank reconstructor",
"description": "Upgrade tanks to T2 (VII)",
"type": "Reconstructor",
"size": 3,
"requirements": [
	{ "item": "silicon", "amount": 100},
	{ "item": "lead", "amount": 110},
	{ "item": "graphite", "amount": 70},
	{ "item": "titanium", "amount": 40},
	{ "item": "plastanium", "amount": 25},
   ],
"constructTime": 1800,
"consumes": {
  "power": 4,
  "items": {
    "items": [
	{ "item": "copper", "amount": 50},
	{ "item": "silicon", "amount": 30},
	{ "item": "titanium", "amount": 20},
	{ "item": "silver", "amount": 40},
    ],
  }, 
},
"upgrades": [
  [
  "p-43-bis"
  "p-43-ter"
  ],
 
],

"category": "units",
"research": "tank-factory",
}