{
"name": "Tank upgrader",
"description": "Upgrade tanks to T3 (VIII)",
"type": "Reconstructor",
"size": 3,
"requirements": [
	{ "item": "silicon", "amount": 160},
	{ "item": "lead", "amount": 150},
	{ "item": "graphite", "amount": 90},
	{ "item": "titanium", "amount": 75},
	{ "item": "plastanium", "amount": 60},
	{ "item": "thorium", "amount": 50},
   ],
"constructTime": 3600,
"consumes": {
  "power": 7,
  "items": {
    "items": [
	{ "item": "silicon", "amount": 75},
	{ "item": "titanium", "amount": 50},
	{ "item": "thorium", "amount": 40},
	{ "item": "silver", "amount": 80},
    ],
  }, 
},
"upgrades": [
  [
  "p-43-ter"
  "p-44-pantera"
  ],
 
],

"category": "units",
"research": "tank-factory",
}