{
 "type": "UnitFactory",
 "name": "Tank factory",
 "description": ""
 "health": 1000,
 "size": 3,
 "itemCapacity": 30,
 "requirements": [
	{ "item": "silicon", "amount": 80},
	{ "item": "lead", "amount": 100},
	{ "item": "graphite", "amount": 60},
	{ "item": "titanium", "amount": 35},
   ],
	"consumes": {
  "power": 2,
},

	"plans": [
	{
    "unit": "p-43-bis",
    "requirements": [
	{ "item": "copper", "amount": 30},
	{ "item": "silicon", "amount": 25},
	{ "item": "silver", "amount": 20},
		],
	"time": 2700,
		},
	],
"research": "ground-factory",
"category": "units",
	}