{
 "type": "mech",
 "name": "P.43 bis",
 "hitSize": 30,
 "health": 830,
 "armor": 4,
 "legCount": 0,
 "allowLegStep": false,
 "flipBackLegs": false,
 "circleTarget": false,
 "rotateShooting": false,
 "lightRadius": 60,
 "lightColor": "FFFFFF",
 "speed": 1.2,
 "drag": 0.1,
 "accel": 0.1,
 "engineOffset": 25.5,
 "rotateSpeed": 1.3,
 "baseRotateSpeed": 1.3,
 "commandLimit": 3,
 "itemCapacity": 0,
 "flying": false,
 "commandRadius": 200,
 "drownTimeMultiplier": "2",
 "weapons": [
  {
    "name": "p-43-bis-weapon"
    "x": 0,
    "y": 5,
	"rotateSpeed": 1.2,
	"rotate": true,
	"inaccuracy": 4,
    "reload": 450,
    "recoil": 0,
    "shootY": 50,
    "shootSound": "tank-shot",
	"chargeSound": "recharge-tank",
		"bullet": {
           "type": "BasicBulletType",
		   "strokeFrom": 1,
            "damage": 240,
            "speed": 4,
			"shake": 0.5,
            "lifetime": 80,
            "sprite": "bullet",
            "splashDamageRadius": 20,
            "splashDamage": 15,
		"lightColor": "ffffff",
			},
		},
	],
}