{
 "type": "mech",
 "name": "P.43 ter",
 "hitSize": 30,
 "health": 1100,
 "armor": 5,
 "legCount": 0,
 "allowLegStep": false,
 "flipBackLegs": false,
 "circleTarget": false,
 "rotateShooting": false,
 "lightRadius": 60,
 "lightColor": "FFFFFF",
 "speed": 1.4,
 "drag": 0.1,
 "accel": 0.1,
 "engineOffset": 25.5,
 "rotateSpeed": 1.4,
 "baseRotateSpeed": 1.4,
 "commandLimit": 3,
 "itemCapacity": 120,
 "flying": false,
 "commandRadius": 200,
 "drownTimeMultiplier": "2.5",
 "weapons": [
  {
    "name": "p-43-ter-weapon"
    "x": 0,
    "y": 5,
	"rotateSpeed": 1.5,
	"rotate": true,
	"inaccuracy": 3,
    "reload": 360,
    "recoil": 0,
    "shootY": 50,
	"strokeFrom": 1,
	"strokeTo": 0,
    "shootSound": "tank-shot",
	"chargeSound": "recharge-tank",
		"bullet": {
           "type": "BasicBulletType",
            "damage": 240,
            "speed": 4.25,
			"size": 10,
			"shake": 0.5,
            "lifetime": 85,
            "sprite": "bullet",
            "splashDamageRadius": 20,
            "splashDamage": 20,
		"lightColor": "ffffff",
			},
		},
	],
}