{
 "type": "mech",
 "name": "P.44 pantera",
 "hitSize": 30,
 "health": 1400,
 "armor": 6,
 "legCount": 0,
 "allowLegStep": false,
 "flipBackLegs": false,
 "circleTarget": false,
 "rotateShooting": false,
 "lightRadius": 60,
 "lightColor": "FFFFFF",
 "speed": 1.75,
 "drag": 0.1,
 "accel": 0.1,
 "engineOffset": 25.5,
 "rotateSpeed": 1.8,
 "baseRotateSpeed": 1.8,
 "commandLimit": 3,
 "itemCapacity": 150,
 "flying": false,
 "commandRadius": 200,
 "drownTimeMultiplier": "3",
 "weapons": [
  {
    "name": "p-43-ter-weapon"
    "x": 0,
    "y": 5,
	"rotateSpeed": 1.4,
	"rotate": true,
	"shots": 3,
	"shootCone": 0,
	"top": true,
	"alternate": false,
	"mirror": false,
	"inaccuracy": 5,
	"shotDelay": 30,
    "reload": 540,
    "recoil": 0,
    "shootY": 50,
	"strokeFrom": 1,
	"strokeTo": 0,
    "shootSound": "tank-shot",
	"chargeSound": "recharge-tank-baraban",
		"bullet": {
           "type": "BasicBulletType",
            "damage": 240,
            "speed": 6,
			"shake": 0.5,
            "lifetime": 85,
            "sprite": "bullet",
            "splashDamageRadius": 20,
            "splashDamage": 20,
		"lightColor": "ffffff",
			},
		},
	],
}