{
	"name": "Радужный бур",
	"description": "Добывает всё с РАДУЖНОЙ скоростью",
	"type": "Drill",
	"size": 4,
	"tier": 8,
	"drillTime": 32,
	"itemCapacity": 50,
	"consumes": {
		"liquid": {
			"liquid": "water", 
			"amount": 0.05,
			"optional": true,
			"booster": true
		}
	},
	"requirements": [
		{"item": "copper", "amount": 200},
		{"item": "lead", "amount": 200},
		{"item": "graphite", "amount": 110},
		{"item": "silicon", "amount": 100},
		{"item": "titanium", "amount": 150},
		{"item": "thorium", "amount": 120},
		{"item": "plastanium", "amount": 60},
		{"item": "phase-fabric", "amount": 40},
		{"item": "surge-alloy", "amount": 50}
		
	],
	"category": "production",
	"research": "surge-alloy-drill"
}
