{
	"name": "Ториевый бур",
	"description": "Добывает всё с огромной скоростью",
	"type": "Drill",
	"size": 2,
	"tier": 6,
	"drillTime": 50,
	"consumes": {
		"liquid": {
			"liquid": "water", 
			"amount": 0.05,
			"optional": true,
			"booster": true
		}
	},
	"requirements": [
		{ "item": "thorium", "amount": 30 },
		{ "item": "titanium", "amount": 60 },
		{ "item": "copper", "amount": 80 },
		{ "item": "graphite", "amount": 40 }
	],
	"category": "production",
	"research": "titanium-drill"
}
